{
    "capabilities": [
        {
            "applicationName": "Redmi",
            "browserName": "Chrome",
            "platformName": "ANDROID",
            "maxInstances": 2
        }
    ],
    "configuration": {
        "cleanUpCycle": 2000,
        "timeout": 30000,
        "proxy": "org.openqa.grid.selenium.proxy.DefaultRemoteProxy",
        "host": "127.0.0.1",
        "port": 4725,
        "maxSession": 2,
        "register": true,
        "registerCycle": 5000,
        "hubPort": 4000,
        "hubHost": "192.168.43.218"
    }
}
