{"chrome":{"last":"C:\\Users\\ab77874\\AppData\\Roaming\\npm\\node_modules\\protractor\\node_modules\\webdriver-manager\\selenium\\chromedriver_2.29.exe","all":["C:\\Users\\ab77874\\AppData\\Roaming\\npm\\node_modules\\protractor\\node_modules\\webdriver-manager\\selenium\\chromedriver_2.28.exe","C:\\Users\\ab77874\\AppData\\Roaming\\npm\\node_modules\\protractor\\node_modules\\webdriver-manager\\selenium\\chromedriver_2.29.exe"]},"gecko":{"last":"C:\\Users\\ab77874\\AppData\\Roaming\\npm\\node_modules\\protractor\\node_modules\\webdriver-manager\\selenium\\geckodriver-v0.16.1.exe","all":["C:\\Users\\ab77874\\AppData\\Roaming\\npm\\node_modules\\protractor\\node_modules\\webdriver-manager\\selenium\\geckodriver-v0.15.0.exe","C:\\Users\\ab77874\\AppData\\Roaming\\npm\\node_modules\\protractor\\node_modules\\webdriver-manager\\selenium\\geckodriver-v0.16.1.exe"]},"standalone":{"last":"C:\\Users\\ab77874\\AppData\\Roaming\\npm\\node_modules\\protractor\\node_modules\\webdriver-manager\\selenium\\selenium-server-standalone-3.4.0.jar","all":["C:\\Users\\ab77874\\AppData\\Roaming\\npm\\node_modules\\protractor\\node_modules\\webdriver-manager\\selenium\\selenium-server-standalone-3.3.1.jar","C:\\Users\\ab77874\\AppData\\Roaming\\npm\\node_modules\\protractor\\node_modules\\webdriver-manager\\selenium\\selenium-server-standalone-3.4.0.jar"]}}